{
    "usersFirstName": "Karthikeyan",
    "usersLastName": "Natarajan",
    "salesId": "4000003",
    "emailId": "Karthikeyan.Natarajan@lowes.com",
    "applicationsList": [
        {
            "applicationId": "IPTPYM",
            "applicationName": "IMPORT PAYMENTS TOOL"
        },
        {
            "applicationId": "PRTALC",
            "applicationName": "IMPORT PORT ALLOCATION TOOL"
        },
        {
            "applicationId": "IPTPLS",
            "applicationName": "IMPORTS PLUS APPLICATION"
        },
        {
            "applicationId": "TRFCOP",
            "applicationName": "IMPORTS TRAFFIC COP APPLICATION"
        },
        {
            "applicationId": "SCPPOD",
            "applicationName": "PO DIRECT"
        }
    ]
}